threshold,dollars_per_shift,tp,fp,tn,fn
0.000,17677.89,728,235915,0,0
0.001,17677.89,728,235915,0,0
0.002,17677.89,728,235915,0,0
0.003,17677.89,728,235915,0,0
0.004,17662.50,728,235705,210,0
0.005,17578.50,727,234281,1634,1
0.006,17081.80,702,220571,15344,26
0.007,15494.37,568,161760,74155,160
0.008,13462.70,401,87738,148177,327
0.009,12881.49,291,49316,186599,437
0.010,12708.14,236,31706,204209,492
0.011,12625.44,204,21708,214207,524
0.012,12641.07,182,15824,220091,546
0.013,12514.37,174,11877,224038,554
0.014,12572.96,162,9351,226564,566
0.015,12485.07,161,7874,228041,567
0.016,12456.38,159,6928,228987,569
0.017,12489.39,155,6270,229645,573
0.018,12452.25,155,5763,230152,573
0.019,12479.02,152,5297,230618,576
0.020,12487.40,150,4857,231058,578
0.021,12455.97,150,4428,231487,578
0.022,12427.85,150,4044,231871,578
0.023,12404.48,150,3725,232190,578
0.024,12384.19,150,3448,232467,578
0.025,12367.12,150,3215,232700,578
0.026,12373.36,149,3023,232892,579
0.027,12360.76,149,2851,233064,579
0.028,12371.25,148,2717,233198,580
0.029,12382.98,147,2600,233315,581
0.030,12393.54,146,2467,233448,582
0.031,12384.82,146,2348,233567,582
0.032,12418.39,144,2252,233663,584
0.033,12452.47,142,2163,233752,586
0.034,12446.83,142,2086,233829,586
0.035,12461.05,141,2003,233912,587
0.036,12455.12,141,1922,233993,587
0.037,12450.95,141,1865,234050,587
0.038,12447.65,141,1820,234095,587
0.039,12444.21,141,1773,234142,587
0.040,12440.47,141,1722,234193,587
0.041,12437.25,141,1678,234237,587
0.042,12454.91,140,1642,234273,588
0.043,12452.20,140,1605,234310,588
0.044,12449.93,140,1574,234341,588
0.045,12447.37,140,1539,234376,588
0.046,12466.06,139,1517,234398,589
0.047,12463.64,139,1484,234431,589
0.048,12461.44,139,1454,234461,589
0.049,12459.98,139,1434,234481,589
0.050,12458.00,139,1407,234508,589
0.051,12456.83,139,1391,234524,589
0.052,12495.97,137,1371,234544,591
0.053,12494.06,137,1345,234570,591
0.054,12492.01,137,1317,234598,591
0.055,12490.54,137,1297,234618,591
0.056,12488.57,137,1270,234645,591
0.057,12487.69,137,1258,234657,591
0.058,12486.15,137,1237,234678,591
0.059,12484.69,137,1217,234698,591
0.060,12482.71,137,1190,234725,591
0.061,12481.90,137,1179,234736,591
0.062,12501.40,136,1168,234747,592
0.063,12500.08,136,1150,234765,592
0.064,12518.55,135,1125,234790,593
0.065,12516.28,135,1094,234821,593
0.066,12515.11,135,1078,234837,593
0.067,12514.01,135,1063,234852,593
0.068,12512.10,135,1037,234878,593
0.069,12511.15,135,1024,234891,593
0.070,12509.90,135,1007,234908,593
0.071,12508.44,135,987,234928,593
0.072,12507.41,135,973,234942,593
0.073,12526.91,134,962,234953,594
0.074,12525.30,134,940,234975,594
0.075,12524.13,134,924,234991,594
0.076,12523.25,134,912,235003,594
0.077,12522.81,134,906,235009,594
0.078,12521.86,134,893,235022,594
0.079,12520.83,134,879,235036,594
0.080,12519.73,134,864,235051,594
0.081,12518.78,134,851,235064,594
0.082,12537.98,133,836,235079,595
0.083,12536.88,133,821,235094,595
0.084,12535.86,133,807,235108,595
0.085,12534.68,133,791,235124,595
0.086,12553.96,132,777,235138,596
0.087,12553.15,132,766,235149,596
0.088,12551.98,132,750,235165,596
0.089,12550.44,132,729,235186,596
0.090,12549.20,132,712,235203,596
0.091,12547.29,132,686,235229,596
0.092,12546.12,132,670,235245,596
0.093,12565.25,131,654,235261,597
0.094,12584.09,130,634,235281,598
0.095,12623.22,128,614,235301,600
0.096,12621.46,128,590,235325,600
0.097,12620.37,128,575,235340,600
0.098,12619.27,128,560,235355,600
0.099,12638.62,127,547,235368,601
0.100,12637.81,127,536,235379,601
0.101,12636.93,127,524,235391,601
0.102,12655.91,126,506,235409,602
0.103,12675.19,125,492,235423,603
0.104,12714.98,123,481,235434,605
0.105,12714.32,123,472,235443,605
0.106,12713.74,123,464,235451,605
0.107,12712.71,123,450,235465,605
0.108,12732.06,122,437,235478,606
0.109,12731.04,122,423,235492,606
0.110,12730.16,122,411,235504,606
0.111,12729.57,122,403,235512,606
0.112,12729.13,122,397,235518,606
0.113,12728.62,122,390,235525,606
0.114,12748.48,121,384,235531,607
0.115,12748.04,121,378,235537,607
0.116,12747.67,121,373,235542,607
0.117,12747.16,121,366,235549,607
0.118,12746.80,121,361,235554,607
0.119,12746.36,121,355,235560,607
0.120,12746.06,121,351,235564,607
0.121,12745.77,121,347,235568,607
0.122,12745.48,121,343,235572,607
0.123,12765.56,120,340,235575,608
0.124,12785.49,119,335,235580,609
0.125,12785.05,119,329,235586,609
0.126,12784.69,119,324,235591,609
0.127,12825.21,117,323,235592,611
0.128,12824.92,117,319,235596,611
0.129,12865.30,115,316,235599,613
0.130,12865.23,115,315,235600,613
0.131,12865.01,115,312,235603,613
0.132,12864.94,115,311,235604,613
0.133,12864.64,115,307,235608,613
0.134,12864.20,115,301,235614,613
0.135,12863.77,115,295,235620,613
0.136,12863.25,115,288,235627,613
0.137,12862.96,115,284,235631,613
0.138,12862.74,115,281,235634,613
0.139,12882.67,114,276,235639,614
0.140,12902.83,113,274,235641,615
0.141,12902.61,113,271,235644,615
0.142,12902.39,113,268,235647,615
0.143,12902.17,113,265,235650,615
0.144,12901.95,113,262,235653,615
0.145,12901.66,113,258,235657,615
0.146,12901.51,113,256,235659,615
0.147,12901.22,113,252,235663,615
0.148,12900.92,113,248,235667,615
0.149,12900.70,113,245,235670,615
0.150,12900.41,113,241,235674,615
0.151,12920.49,112,238,235677,616
0.152,12920.27,112,235,235680,616
0.153,12920.13,112,233,235682,616
0.154,12960.65,110,232,235683,618
0.155,12960.58,110,231,235684,618
0.156,12980.73,109,229,235686,619
0.157,12980.59,109,227,235688,619
0.158,12980.30,109,223,235692,619
0.159,12980.00,109,219,235696,619
0.160,13040.68,106,216,235699,622
0.161,13060.69,105,212,235703,623
0.162,13060.55,105,210,235705,623
0.163,13060.47,105,209,235706,623
0.164,13060.40,105,208,235707,623
0.165,13060.40,105,208,235707,623
0.166,13060.18,105,205,235710,623
0.167,13060.11,105,204,235711,623
0.168,13060.03,105,203,235712,623
0.169,13059.96,105,202,235713,623
0.170,13059.74,105,199,235716,623
0.171,13059.74,105,199,235716,623
0.172,13059.67,105,198,235717,623
0.173,13059.67,105,198,235717,623
0.174,13059.59,105,197,235718,623
0.175,13059.59,105,197,235718,623
0.176,13059.45,105,195,235720,623
0.177,13059.45,105,195,235720,623
0.178,13059.45,105,195,235720,623
0.179,13059.30,105,193,235722,623
0.180,13059.30,105,193,235722,623
0.181,13059.15,105,191,235724,623
0.182,13059.08,105,190,235725,623
0.183,13058.86,105,187,235728,623
0.184,13058.86,105,187,235728,623
0.185,13058.79,105,186,235729,623
0.186,13099.39,103,186,235729,625
0.187,13119.69,102,186,235729,626
0.188,13119.69,102,186,235729,626
0.189,13119.69,102,186,235729,626
0.190,13119.47,102,183,235732,626
0.191,13139.70,101,182,235733,627
0.192,13139.62,101,181,235734,627
0.193,13139.48,101,179,235736,627
0.194,13159.70,100,178,235737,628
0.195,13200.31,98,178,235737,630
0.196,13200.31,98,178,235737,630
0.197,13200.31,98,178,235737,630
0.198,13200.31,98,178,235737,630
0.199,13200.31,98,178,235737,630
0.200,13200.23,98,177,235738,630
0.201,13200.16,98,176,235739,630
0.202,13200.09,98,175,235740,630
0.203,13200.01,98,174,235741,630
0.204,13220.24,97,173,235742,631
0.205,13220.24,97,173,235742,631
0.206,13220.24,97,173,235742,631
0.207,13220.24,97,173,235742,631
0.208,13220.17,97,172,235743,631
0.209,13220.09,97,171,235744,631
0.210,13219.95,97,169,235746,631
0.211,13219.80,97,167,235748,631
0.212,13240.10,96,167,235748,632
0.213,13240.10,96,167,235748,632
0.214,13240.03,96,166,235749,632
0.215,13239.95,96,165,235750,632
0.216,13260.18,95,164,235751,633
0.217,13260.18,95,164,235751,633
0.218,13280.26,94,161,235754,634
0.219,13280.26,94,161,235754,634
0.220,13280.19,94,160,235755,634
0.221,13279.97,94,157,235758,634
0.222,13279.82,94,155,235760,634
0.223,13279.68,94,153,235762,634
0.224,13279.68,94,153,235762,634
0.225,13320.06,92,150,235765,636
0.226,13340.36,91,150,235765,637
0.227,13340.21,91,148,235767,637
0.228,13340.21,91,148,235767,637
0.229,13340.14,91,147,235768,637
0.230,13380.74,89,147,235768,639
0.231,13380.67,89,146,235769,639
0.232,13380.59,89,145,235770,639
0.233,13420.98,87,142,235773,641
0.234,13501.89,83,138,235777,645
0.235,13501.89,83,138,235777,645
0.236,13522.04,82,136,235779,646
0.237,13521.89,82,134,235781,646
0.238,13542.12,81,133,235782,647
0.239,13562.35,80,132,235783,648
0.240,13562.35,80,132,235783,648
0.241,13582.58,79,131,235784,649
0.242,13623.18,77,131,235784,651
0.243,13623.18,77,131,235784,651
0.244,13623.18,77,131,235784,651
0.245,13622.96,77,128,235787,651
0.246,13643.18,76,127,235788,652
0.247,13643.11,76,126,235789,652
0.248,13663.12,75,122,235793,653
0.249,13703.50,73,119,235796,655
0.250,13743.95,71,117,235798,657
0.251,13784.48,69,116,235799,659
0.252,13804.56,68,113,235802,660
0.253,13804.42,68,111,235804,660
0.254,13824.50,67,108,235807,661
0.255,13824.42,67,107,235808,661
0.256,13824.28,67,105,235810,661
0.257,13844.58,66,105,235810,662
0.258,13844.36,66,102,235813,662
0.259,13925.42,62,100,235815,666
0.260,13945.42,61,96,235819,667
0.261,13945.20,61,93,235822,667
0.262,13985.73,59,92,235823,669
0.263,14005.89,58,90,235825,670
0.264,14005.67,58,87,235828,670
0.265,14005.59,58,86,235829,670
0.266,14025.89,57,86,235829,671
0.267,14025.75,57,84,235831,671
0.268,14025.60,57,82,235833,671
0.269,14045.90,56,82,235833,672
0.270,14045.83,56,81,235834,672
0.271,14066.13,55,81,235834,673
0.272,14065.98,55,79,235836,673
0.273,14106.58,53,79,235836,675
0.274,14126.74,52,77,235838,676
0.275,14126.59,52,75,235840,676
0.276,14146.89,51,75,235840,677
0.277,14187.42,49,74,235841,679
0.278,14207.65,48,73,235842,680
0.279,14248.17,46,72,235843,682
0.280,14288.48,44,68,235847,684
0.281,14308.71,43,67,235848,685
0.282,14328.94,42,66,235849,686
0.283,14328.94,42,66,235849,686
0.284,14328.94,42,66,235849,686
0.285,14328.72,42,63,235852,686
0.286,14328.64,42,62,235853,686
0.287,14348.80,41,60,235855,687
0.288,14348.73,41,59,235856,687
0.289,14348.73,41,59,235856,687
0.290,14348.73,41,59,235856,687
0.291,14348.73,41,59,235856,687
0.292,14369.03,40,59,235856,688
0.293,14368.95,40,58,235857,688
0.294,14368.73,40,55,235860,688
0.295,14368.66,40,54,235861,688
0.296,14388.96,39,54,235861,689
0.297,14388.96,39,54,235861,689
0.298,14388.81,39,52,235863,689
0.299,14409.11,38,52,235863,690
0.300,14409.11,38,52,235863,690
0.301,14429.41,37,52,235863,691
0.302,14429.34,37,51,235864,691
0.303,14429.34,37,51,235864,691
0.304,14429.34,37,51,235864,691
0.305,14449.64,36,51,235864,692
0.306,14449.64,36,51,235864,692
0.307,14469.94,35,51,235864,693
0.308,14490.24,34,51,235864,694
0.309,14510.54,33,51,235864,695
0.310,14510.54,33,51,235864,695
0.311,14510.54,33,51,235864,695
0.312,14510.54,33,51,235864,695
0.313,14510.47,33,50,235865,695
0.314,14510.40,33,49,235866,695
0.315,14530.55,32,47,235868,696
0.316,14530.48,32,46,235869,696
0.317,14530.41,32,45,235870,696
0.318,14530.41,32,45,235870,696
0.319,14530.41,32,45,235870,696
0.320,14530.41,32,45,235870,696
0.321,14530.33,32,44,235871,696
0.322,14530.26,32,43,235872,696
0.323,14530.26,32,43,235872,696
0.324,14530.26,32,43,235872,696
0.325,14530.26,32,43,235872,696
0.326,14530.26,32,43,235872,696
0.327,14530.26,32,43,235872,696
0.328,14530.26,32,43,235872,696
0.329,14530.26,32,43,235872,696
0.330,14530.19,32,42,235873,696
0.331,14530.11,32,41,235874,696
0.332,14530.11,32,41,235874,696
0.333,14530.04,32,40,235875,696
0.334,14529.97,32,39,235876,696
0.335,14529.97,32,39,235876,696
0.336,14529.97,32,39,235876,696
0.337,14529.97,32,39,235876,696
0.338,14529.82,32,37,235878,696
0.339,14570.42,30,37,235878,698
0.340,14590.65,29,36,235879,699
0.341,14590.65,29,36,235879,699
0.342,14590.65,29,36,235879,699
0.343,14590.65,29,36,235879,699
0.344,14631.10,27,34,235881,701
0.345,14651.40,26,34,235881,702
0.346,14671.70,25,34,235881,703
0.347,14671.70,25,34,235881,703
0.348,14671.70,25,34,235881,703
0.349,14692.00,24,34,235881,704
0.350,14692.00,24,34,235881,704
0.351,14691.86,24,32,235883,704
0.352,14691.86,24,32,235883,704
0.353,14712.09,23,31,235884,705
0.354,14712.09,23,31,235884,705
0.355,14712.09,23,31,235884,705
0.356,14712.01,23,30,235885,705
0.357,14712.01,23,30,235885,705
0.358,14752.39,21,27,235888,707
0.359,14752.17,21,24,235891,707
0.360,14752.17,21,24,235891,707
0.361,14772.47,20,24,235891,708
0.362,14813.00,18,23,235892,710
0.363,14812.93,18,22,235893,710
0.364,14833.23,17,22,235893,711
0.365,14873.83,15,22,235893,713
0.366,14873.83,15,22,235893,713
0.367,14873.83,15,22,235893,713
0.368,14873.76,15,21,235894,713
0.369,14873.76,15,21,235894,713
0.370,14914.29,13,20,235895,715
0.371,14914.29,13,20,235895,715
0.372,14934.51,12,19,235896,716
0.373,14975.11,10,19,235896,718
0.374,14975.11,10,19,235896,718
0.375,14975.04,10,18,235897,718
0.376,14995.34,9,18,235897,719
0.377,15015.57,8,17,235898,720
0.378,15015.35,8,14,235901,720
0.379,15015.28,8,13,235902,720
0.380,15015.13,8,11,235904,720
0.381,15015.13,8,11,235904,720
0.382,15035.43,7,11,235904,721
0.383,15035.36,7,10,235905,721
0.384,15035.28,7,9,235906,721
0.385,15055.58,6,9,235906,722
0.386,15055.58,6,9,235906,722
0.387,15055.58,6,9,235906,722
0.388,15055.58,6,9,235906,722
0.389,15055.44,6,7,235908,722
0.390,15055.36,6,6,235909,722
0.391,15075.59,5,5,235910,723
0.392,15075.59,5,5,235910,723
0.393,15075.52,5,4,235911,723
0.394,15075.52,5,4,235911,723
0.395,15075.52,5,4,235911,723
0.396,15075.52,5,4,235911,723
0.397,15075.52,5,4,235911,723
0.398,15095.82,4,4,235911,724
0.399,15095.82,4,4,235911,724
0.400,15095.82,4,4,235911,724
0.401,15095.82,4,4,235911,724
0.402,15095.82,4,4,235911,724
0.403,15095.82,4,4,235911,724
0.404,15095.75,4,3,235912,724
0.405,15095.67,4,2,235913,724
0.406,15095.60,4,1,235914,724
0.407,15095.60,4,1,235914,724
0.408,15095.60,4,1,235914,724
0.409,15095.60,4,1,235914,724
0.410,15095.60,4,1,235914,724
0.411,15095.60,4,1,235914,724
0.412,15136.20,2,1,235914,726
0.413,15136.20,2,1,235914,726
0.414,15136.20,2,1,235914,726
0.415,15136.20,2,1,235914,726
0.416,15136.20,2,1,235914,726
0.417,15136.20,2,1,235914,726
0.418,15136.20,2,1,235914,726
0.419,15136.20,2,1,235914,726
0.420,15136.20,2,1,235914,726
0.421,15136.20,2,1,235914,726
0.422,15136.20,2,1,235914,726
0.423,15136.20,2,1,235914,726
0.424,15136.20,2,1,235914,726
0.425,15156.43,1,0,235915,727
0.426,15156.43,1,0,235915,727
0.427,15156.43,1,0,235915,727
0.428,15176.73,0,0,235915,728
0.429,15176.73,0,0,235915,728
0.430,15176.73,0,0,235915,728
0.431,15176.73,0,0,235915,728
0.432,15176.73,0,0,235915,728
0.433,15176.73,0,0,235915,728
0.434,15176.73,0,0,235915,728
0.435,15176.73,0,0,235915,728
0.436,15176.73,0,0,235915,728
0.437,15176.73,0,0,235915,728
0.438,15176.73,0,0,235915,728
0.439,15176.73,0,0,235915,728
0.440,15176.73,0,0,235915,728
0.441,15176.73,0,0,235915,728
0.442,15176.73,0,0,235915,728
0.443,15176.73,0,0,235915,728
0.444,15176.73,0,0,235915,728
0.445,15176.73,0,0,235915,728
0.446,15176.73,0,0,235915,728
0.447,15176.73,0,0,235915,728
0.448,15176.73,0,0,235915,728
0.449,15176.73,0,0,235915,728
0.450,15176.73,0,0,235915,728
0.451,15176.73,0,0,235915,728
0.452,15176.73,0,0,235915,728
0.453,15176.73,0,0,235915,728
0.454,15176.73,0,0,235915,728
0.455,15176.73,0,0,235915,728
0.456,15176.73,0,0,235915,728
0.457,15176.73,0,0,235915,728
0.458,15176.73,0,0,235915,728
0.459,15176.73,0,0,235915,728
0.460,15176.73,0,0,235915,728
0.461,15176.73,0,0,235915,728
0.462,15176.73,0,0,235915,728
0.463,15176.73,0,0,235915,728
0.464,15176.73,0,0,235915,728
0.465,15176.73,0,0,235915,728
0.466,15176.73,0,0,235915,728
0.467,15176.73,0,0,235915,728
0.468,15176.73,0,0,235915,728
0.469,15176.73,0,0,235915,728
0.470,15176.73,0,0,235915,728
0.471,15176.73,0,0,235915,728
0.472,15176.73,0,0,235915,728
0.473,15176.73,0,0,235915,728
0.474,15176.73,0,0,235915,728
0.475,15176.73,0,0,235915,728
0.476,15176.73,0,0,235915,728
0.477,15176.73,0,0,235915,728
0.478,15176.73,0,0,235915,728
0.479,15176.73,0,0,235915,728
0.480,15176.73,0,0,235915,728
0.481,15176.73,0,0,235915,728
0.482,15176.73,0,0,235915,728
0.483,15176.73,0,0,235915,728
0.484,15176.73,0,0,235915,728
0.485,15176.73,0,0,235915,728
0.486,15176.73,0,0,235915,728
0.487,15176.73,0,0,235915,728
0.488,15176.73,0,0,235915,728
0.489,15176.73,0,0,235915,728
0.490,15176.73,0,0,235915,728
0.491,15176.73,0,0,235915,728
0.492,15176.73,0,0,235915,728
0.493,15176.73,0,0,235915,728
0.494,15176.73,0,0,235915,728
0.495,15176.73,0,0,235915,728
0.496,15176.73,0,0,235915,728
0.497,15176.73,0,0,235915,728
0.498,15176.73,0,0,235915,728
0.499,15176.73,0,0,235915,728
0.500,15176.73,0,0,235915,728
0.501,15176.73,0,0,235915,728
0.502,15176.73,0,0,235915,728
0.503,15176.73,0,0,235915,728
0.504,15176.73,0,0,235915,728
0.505,15176.73,0,0,235915,728
0.506,15176.73,0,0,235915,728
0.507,15176.73,0,0,235915,728
0.508,15176.73,0,0,235915,728
0.509,15176.73,0,0,235915,728
0.510,15176.73,0,0,235915,728
0.511,15176.73,0,0,235915,728
0.512,15176.73,0,0,235915,728
0.513,15176.73,0,0,235915,728
0.514,15176.73,0,0,235915,728
0.515,15176.73,0,0,235915,728
0.516,15176.73,0,0,235915,728
0.517,15176.73,0,0,235915,728
0.518,15176.73,0,0,235915,728
0.519,15176.73,0,0,235915,728
0.520,15176.73,0,0,235915,728
0.521,15176.73,0,0,235915,728
0.522,15176.73,0,0,235915,728
0.523,15176.73,0,0,235915,728
0.524,15176.73,0,0,235915,728
0.525,15176.73,0,0,235915,728
0.526,15176.73,0,0,235915,728
0.527,15176.73,0,0,235915,728
0.528,15176.73,0,0,235915,728
0.529,15176.73,0,0,235915,728
0.530,15176.73,0,0,235915,728
0.531,15176.73,0,0,235915,728
0.532,15176.73,0,0,235915,728
0.533,15176.73,0,0,235915,728
0.534,15176.73,0,0,235915,728
0.535,15176.73,0,0,235915,728
0.536,15176.73,0,0,235915,728
0.537,15176.73,0,0,235915,728
0.538,15176.73,0,0,235915,728
0.539,15176.73,0,0,235915,728
0.540,15176.73,0,0,235915,728
0.541,15176.73,0,0,235915,728
0.542,15176.73,0,0,235915,728
0.543,15176.73,0,0,235915,728
0.544,15176.73,0,0,235915,728
0.545,15176.73,0,0,235915,728
0.546,15176.73,0,0,235915,728
0.547,15176.73,0,0,235915,728
0.548,15176.73,0,0,235915,728
0.549,15176.73,0,0,235915,728
0.550,15176.73,0,0,235915,728
0.551,15176.73,0,0,235915,728
0.552,15176.73,0,0,235915,728
0.553,15176.73,0,0,235915,728
0.554,15176.73,0,0,235915,728
0.555,15176.73,0,0,235915,728
0.556,15176.73,0,0,235915,728
0.557,15176.73,0,0,235915,728
0.558,15176.73,0,0,235915,728
0.559,15176.73,0,0,235915,728
0.560,15176.73,0,0,235915,728
0.561,15176.73,0,0,235915,728
0.562,15176.73,0,0,235915,728
0.563,15176.73,0,0,235915,728
0.564,15176.73,0,0,235915,728
0.565,15176.73,0,0,235915,728
0.566,15176.73,0,0,235915,728
0.567,15176.73,0,0,235915,728
0.568,15176.73,0,0,235915,728
0.569,15176.73,0,0,235915,728
0.570,15176.73,0,0,235915,728
0.571,15176.73,0,0,235915,728
0.572,15176.73,0,0,235915,728
0.573,15176.73,0,0,235915,728
0.574,15176.73,0,0,235915,728
0.575,15176.73,0,0,235915,728
0.576,15176.73,0,0,235915,728
0.577,15176.73,0,0,235915,728
0.578,15176.73,0,0,235915,728
0.579,15176.73,0,0,235915,728
0.580,15176.73,0,0,235915,728
0.581,15176.73,0,0,235915,728
0.582,15176.73,0,0,235915,728
0.583,15176.73,0,0,235915,728
0.584,15176.73,0,0,235915,728
0.585,15176.73,0,0,235915,728
0.586,15176.73,0,0,235915,728
0.587,15176.73,0,0,235915,728
0.588,15176.73,0,0,235915,728
0.589,15176.73,0,0,235915,728
0.590,15176.73,0,0,235915,728
0.591,15176.73,0,0,235915,728
0.592,15176.73,0,0,235915,728
0.593,15176.73,0,0,235915,728
0.594,15176.73,0,0,235915,728
0.595,15176.73,0,0,235915,728
0.596,15176.73,0,0,235915,728
0.597,15176.73,0,0,235915,728
0.598,15176.73,0,0,235915,728
0.599,15176.73,0,0,235915,728
0.600,15176.73,0,0,235915,728
0.601,15176.73,0,0,235915,728
0.602,15176.73,0,0,235915,728
0.603,15176.73,0,0,235915,728
0.604,15176.73,0,0,235915,728
0.605,15176.73,0,0,235915,728
0.606,15176.73,0,0,235915,728
0.607,15176.73,0,0,235915,728
0.608,15176.73,0,0,235915,728
0.609,15176.73,0,0,235915,728
0.610,15176.73,0,0,235915,728
0.611,15176.73,0,0,235915,728
0.612,15176.73,0,0,235915,728
0.613,15176.73,0,0,235915,728
0.614,15176.73,0,0,235915,728
0.615,15176.73,0,0,235915,728
0.616,15176.73,0,0,235915,728
0.617,15176.73,0,0,235915,728
0.618,15176.73,0,0,235915,728
0.619,15176.73,0,0,235915,728
0.620,15176.73,0,0,235915,728
0.621,15176.73,0,0,235915,728
0.622,15176.73,0,0,235915,728
0.623,15176.73,0,0,235915,728
0.624,15176.73,0,0,235915,728
0.625,15176.73,0,0,235915,728
0.626,15176.73,0,0,235915,728
0.627,15176.73,0,0,235915,728
0.628,15176.73,0,0,235915,728
0.629,15176.73,0,0,235915,728
0.630,15176.73,0,0,235915,728
0.631,15176.73,0,0,235915,728
0.632,15176.73,0,0,235915,728
0.633,15176.73,0,0,235915,728
0.634,15176.73,0,0,235915,728
0.635,15176.73,0,0,235915,728
0.636,15176.73,0,0,235915,728
0.637,15176.73,0,0,235915,728
0.638,15176.73,0,0,235915,728
0.639,15176.73,0,0,235915,728
0.640,15176.73,0,0,235915,728
0.641,15176.73,0,0,235915,728
0.642,15176.73,0,0,235915,728
0.643,15176.73,0,0,235915,728
0.644,15176.73,0,0,235915,728
0.645,15176.73,0,0,235915,728
0.646,15176.73,0,0,235915,728
0.647,15176.73,0,0,235915,728
0.648,15176.73,0,0,235915,728
0.649,15176.73,0,0,235915,728
0.650,15176.73,0,0,235915,728
0.651,15176.73,0,0,235915,728
0.652,15176.73,0,0,235915,728
0.653,15176.73,0,0,235915,728
0.654,15176.73,0,0,235915,728
0.655,15176.73,0,0,235915,728
0.656,15176.73,0,0,235915,728
0.657,15176.73,0,0,235915,728
0.658,15176.73,0,0,235915,728
0.659,15176.73,0,0,235915,728
0.660,15176.73,0,0,235915,728
0.661,15176.73,0,0,235915,728
0.662,15176.73,0,0,235915,728
0.663,15176.73,0,0,235915,728
0.664,15176.73,0,0,235915,728
0.665,15176.73,0,0,235915,728
0.666,15176.73,0,0,235915,728
0.667,15176.73,0,0,235915,728
0.668,15176.73,0,0,235915,728
0.669,15176.73,0,0,235915,728
0.670,15176.73,0,0,235915,728
0.671,15176.73,0,0,235915,728
0.672,15176.73,0,0,235915,728
0.673,15176.73,0,0,235915,728
0.674,15176.73,0,0,235915,728
0.675,15176.73,0,0,235915,728
0.676,15176.73,0,0,235915,728
0.677,15176.73,0,0,235915,728
0.678,15176.73,0,0,235915,728
0.679,15176.73,0,0,235915,728
0.680,15176.73,0,0,235915,728
0.681,15176.73,0,0,235915,728
0.682,15176.73,0,0,235915,728
0.683,15176.73,0,0,235915,728
0.684,15176.73,0,0,235915,728
0.685,15176.73,0,0,235915,728
0.686,15176.73,0,0,235915,728
0.687,15176.73,0,0,235915,728
0.688,15176.73,0,0,235915,728
0.689,15176.73,0,0,235915,728
0.690,15176.73,0,0,235915,728
0.691,15176.73,0,0,235915,728
0.692,15176.73,0,0,235915,728
0.693,15176.73,0,0,235915,728
0.694,15176.73,0,0,235915,728
0.695,15176.73,0,0,235915,728
0.696,15176.73,0,0,235915,728
0.697,15176.73,0,0,235915,728
0.698,15176.73,0,0,235915,728
0.699,15176.73,0,0,235915,728
0.700,15176.73,0,0,235915,728
0.701,15176.73,0,0,235915,728
0.702,15176.73,0,0,235915,728
0.703,15176.73,0,0,235915,728
0.704,15176.73,0,0,235915,728
0.705,15176.73,0,0,235915,728
0.706,15176.73,0,0,235915,728
0.707,15176.73,0,0,235915,728
0.708,15176.73,0,0,235915,728
0.709,15176.73,0,0,235915,728
0.710,15176.73,0,0,235915,728
0.711,15176.73,0,0,235915,728
0.712,15176.73,0,0,235915,728
0.713,15176.73,0,0,235915,728
0.714,15176.73,0,0,235915,728
0.715,15176.73,0,0,235915,728
0.716,15176.73,0,0,235915,728
0.717,15176.73,0,0,235915,728
0.718,15176.73,0,0,235915,728
0.719,15176.73,0,0,235915,728
0.720,15176.73,0,0,235915,728
0.721,15176.73,0,0,235915,728
0.722,15176.73,0,0,235915,728
0.723,15176.73,0,0,235915,728
0.724,15176.73,0,0,235915,728
0.725,15176.73,0,0,235915,728
0.726,15176.73,0,0,235915,728
0.727,15176.73,0,0,235915,728
0.728,15176.73,0,0,235915,728
0.729,15176.73,0,0,235915,728
0.730,15176.73,0,0,235915,728
0.731,15176.73,0,0,235915,728
0.732,15176.73,0,0,235915,728
0.733,15176.73,0,0,235915,728
0.734,15176.73,0,0,235915,728
0.735,15176.73,0,0,235915,728
0.736,15176.73,0,0,235915,728
0.737,15176.73,0,0,235915,728
0.738,15176.73,0,0,235915,728
0.739,15176.73,0,0,235915,728
0.740,15176.73,0,0,235915,728
0.741,15176.73,0,0,235915,728
0.742,15176.73,0,0,235915,728
0.743,15176.73,0,0,235915,728
0.744,15176.73,0,0,235915,728
0.745,15176.73,0,0,235915,728
0.746,15176.73,0,0,235915,728
0.747,15176.73,0,0,235915,728
0.748,15176.73,0,0,235915,728
0.749,15176.73,0,0,235915,728
0.750,15176.73,0,0,235915,728
0.751,15176.73,0,0,235915,728
0.752,15176.73,0,0,235915,728
0.753,15176.73,0,0,235915,728
0.754,15176.73,0,0,235915,728
0.755,15176.73,0,0,235915,728
0.756,15176.73,0,0,235915,728
0.757,15176.73,0,0,235915,728
0.758,15176.73,0,0,235915,728
0.759,15176.73,0,0,235915,728
0.760,15176.73,0,0,235915,728
0.761,15176.73,0,0,235915,728
0.762,15176.73,0,0,235915,728
0.763,15176.73,0,0,235915,728
0.764,15176.73,0,0,235915,728
0.765,15176.73,0,0,235915,728
0.766,15176.73,0,0,235915,728
0.767,15176.73,0,0,235915,728
0.768,15176.73,0,0,235915,728
0.769,15176.73,0,0,235915,728
0.770,15176.73,0,0,235915,728
0.771,15176.73,0,0,235915,728
0.772,15176.73,0,0,235915,728
0.773,15176.73,0,0,235915,728
0.774,15176.73,0,0,235915,728
0.775,15176.73,0,0,235915,728
0.776,15176.73,0,0,235915,728
0.777,15176.73,0,0,235915,728
0.778,15176.73,0,0,235915,728
0.779,15176.73,0,0,235915,728
0.780,15176.73,0,0,235915,728
0.781,15176.73,0,0,235915,728
0.782,15176.73,0,0,235915,728
0.783,15176.73,0,0,235915,728
0.784,15176.73,0,0,235915,728
0.785,15176.73,0,0,235915,728
0.786,15176.73,0,0,235915,728
0.787,15176.73,0,0,235915,728
0.788,15176.73,0,0,235915,728
0.789,15176.73,0,0,235915,728
0.790,15176.73,0,0,235915,728
0.791,15176.73,0,0,235915,728
0.792,15176.73,0,0,235915,728
0.793,15176.73,0,0,235915,728
0.794,15176.73,0,0,235915,728
0.795,15176.73,0,0,235915,728
0.796,15176.73,0,0,235915,728
0.797,15176.73,0,0,235915,728
0.798,15176.73,0,0,235915,728
0.799,15176.73,0,0,235915,728
0.800,15176.73,0,0,235915,728
0.801,15176.73,0,0,235915,728
0.802,15176.73,0,0,235915,728
0.803,15176.73,0,0,235915,728
0.804,15176.73,0,0,235915,728
0.805,15176.73,0,0,235915,728
0.806,15176.73,0,0,235915,728
0.807,15176.73,0,0,235915,728
0.808,15176.73,0,0,235915,728
0.809,15176.73,0,0,235915,728
0.810,15176.73,0,0,235915,728
0.811,15176.73,0,0,235915,728
0.812,15176.73,0,0,235915,728
0.813,15176.73,0,0,235915,728
0.814,15176.73,0,0,235915,728
0.815,15176.73,0,0,235915,728
0.816,15176.73,0,0,235915,728
0.817,15176.73,0,0,235915,728
0.818,15176.73,0,0,235915,728
0.819,15176.73,0,0,235915,728
0.820,15176.73,0,0,235915,728
0.821,15176.73,0,0,235915,728
0.822,15176.73,0,0,235915,728
0.823,15176.73,0,0,235915,728
0.824,15176.73,0,0,235915,728
0.825,15176.73,0,0,235915,728
0.826,15176.73,0,0,235915,728
0.827,15176.73,0,0,235915,728
0.828,15176.73,0,0,235915,728
0.829,15176.73,0,0,235915,728
0.830,15176.73,0,0,235915,728
0.831,15176.73,0,0,235915,728
0.832,15176.73,0,0,235915,728
0.833,15176.73,0,0,235915,728
0.834,15176.73,0,0,235915,728
0.835,15176.73,0,0,235915,728
0.836,15176.73,0,0,235915,728
0.837,15176.73,0,0,235915,728
0.838,15176.73,0,0,235915,728
0.839,15176.73,0,0,235915,728
0.840,15176.73,0,0,235915,728
0.841,15176.73,0,0,235915,728
0.842,15176.73,0,0,235915,728
0.843,15176.73,0,0,235915,728
0.844,15176.73,0,0,235915,728
0.845,15176.73,0,0,235915,728
0.846,15176.73,0,0,235915,728
0.847,15176.73,0,0,235915,728
0.848,15176.73,0,0,235915,728
0.849,15176.73,0,0,235915,728
0.850,15176.73,0,0,235915,728
0.851,15176.73,0,0,235915,728
0.852,15176.73,0,0,235915,728
0.853,15176.73,0,0,235915,728
0.854,15176.73,0,0,235915,728
0.855,15176.73,0,0,235915,728
0.856,15176.73,0,0,235915,728
0.857,15176.73,0,0,235915,728
0.858,15176.73,0,0,235915,728
0.859,15176.73,0,0,235915,728
0.860,15176.73,0,0,235915,728
0.861,15176.73,0,0,235915,728
0.862,15176.73,0,0,235915,728
0.863,15176.73,0,0,235915,728
0.864,15176.73,0,0,235915,728
0.865,15176.73,0,0,235915,728
0.866,15176.73,0,0,235915,728
0.867,15176.73,0,0,235915,728
0.868,15176.73,0,0,235915,728
0.869,15176.73,0,0,235915,728
0.870,15176.73,0,0,235915,728
0.871,15176.73,0,0,235915,728
0.872,15176.73,0,0,235915,728
0.873,15176.73,0,0,235915,728
0.874,15176.73,0,0,235915,728
0.875,15176.73,0,0,235915,728
0.876,15176.73,0,0,235915,728
0.877,15176.73,0,0,235915,728
0.878,15176.73,0,0,235915,728
0.879,15176.73,0,0,235915,728
0.880,15176.73,0,0,235915,728
0.881,15176.73,0,0,235915,728
0.882,15176.73,0,0,235915,728
0.883,15176.73,0,0,235915,728
0.884,15176.73,0,0,235915,728
0.885,15176.73,0,0,235915,728
0.886,15176.73,0,0,235915,728
0.887,15176.73,0,0,235915,728
0.888,15176.73,0,0,235915,728
0.889,15176.73,0,0,235915,728
0.890,15176.73,0,0,235915,728
0.891,15176.73,0,0,235915,728
0.892,15176.73,0,0,235915,728
0.893,15176.73,0,0,235915,728
0.894,15176.73,0,0,235915,728
0.895,15176.73,0,0,235915,728
0.896,15176.73,0,0,235915,728
0.897,15176.73,0,0,235915,728
0.898,15176.73,0,0,235915,728
0.899,15176.73,0,0,235915,728
0.900,15176.73,0,0,235915,728
0.901,15176.73,0,0,235915,728
0.902,15176.73,0,0,235915,728
0.903,15176.73,0,0,235915,728
0.904,15176.73,0,0,235915,728
0.905,15176.73,0,0,235915,728
0.906,15176.73,0,0,235915,728
0.907,15176.73,0,0,235915,728
0.908,15176.73,0,0,235915,728
0.909,15176.73,0,0,235915,728
0.910,15176.73,0,0,235915,728
0.911,15176.73,0,0,235915,728
0.912,15176.73,0,0,235915,728
0.913,15176.73,0,0,235915,728
0.914,15176.73,0,0,235915,728
0.915,15176.73,0,0,235915,728
0.916,15176.73,0,0,235915,728
0.917,15176.73,0,0,235915,728
0.918,15176.73,0,0,235915,728
0.919,15176.73,0,0,235915,728
0.920,15176.73,0,0,235915,728
0.921,15176.73,0,0,235915,728
0.922,15176.73,0,0,235915,728
0.923,15176.73,0,0,235915,728
0.924,15176.73,0,0,235915,728
0.925,15176.73,0,0,235915,728
0.926,15176.73,0,0,235915,728
0.927,15176.73,0,0,235915,728
0.928,15176.73,0,0,235915,728
0.929,15176.73,0,0,235915,728
0.930,15176.73,0,0,235915,728
0.931,15176.73,0,0,235915,728
0.932,15176.73,0,0,235915,728
0.933,15176.73,0,0,235915,728
0.934,15176.73,0,0,235915,728
0.935,15176.73,0,0,235915,728
0.936,15176.73,0,0,235915,728
0.937,15176.73,0,0,235915,728
0.938,15176.73,0,0,235915,728
0.939,15176.73,0,0,235915,728
0.940,15176.73,0,0,235915,728
0.941,15176.73,0,0,235915,728
0.942,15176.73,0,0,235915,728
0.943,15176.73,0,0,235915,728
0.944,15176.73,0,0,235915,728
0.945,15176.73,0,0,235915,728
0.946,15176.73,0,0,235915,728
0.947,15176.73,0,0,235915,728
0.948,15176.73,0,0,235915,728
0.949,15176.73,0,0,235915,728
0.950,15176.73,0,0,235915,728
0.951,15176.73,0,0,235915,728
0.952,15176.73,0,0,235915,728
0.953,15176.73,0,0,235915,728
0.954,15176.73,0,0,235915,728
0.955,15176.73,0,0,235915,728
0.956,15176.73,0,0,235915,728
0.957,15176.73,0,0,235915,728
0.958,15176.73,0,0,235915,728
0.959,15176.73,0,0,235915,728
0.960,15176.73,0,0,235915,728
0.961,15176.73,0,0,235915,728
0.962,15176.73,0,0,235915,728
0.963,15176.73,0,0,235915,728
0.964,15176.73,0,0,235915,728
0.965,15176.73,0,0,235915,728
0.966,15176.73,0,0,235915,728
0.967,15176.73,0,0,235915,728
0.968,15176.73,0,0,235915,728
0.969,15176.73,0,0,235915,728
0.970,15176.73,0,0,235915,728
0.971,15176.73,0,0,235915,728
0.972,15176.73,0,0,235915,728
0.973,15176.73,0,0,235915,728
0.974,15176.73,0,0,235915,728
0.975,15176.73,0,0,235915,728
0.976,15176.73,0,0,235915,728
0.977,15176.73,0,0,235915,728
0.978,15176.73,0,0,235915,728
0.979,15176.73,0,0,235915,728
0.980,15176.73,0,0,235915,728
0.981,15176.73,0,0,235915,728
0.982,15176.73,0,0,235915,728
0.983,15176.73,0,0,235915,728
0.984,15176.73,0,0,235915,728
0.985,15176.73,0,0,235915,728
0.986,15176.73,0,0,235915,728
0.987,15176.73,0,0,235915,728
0.988,15176.73,0,0,235915,728
0.989,15176.73,0,0,235915,728
0.990,15176.73,0,0,235915,728
0.991,15176.73,0,0,235915,728
0.992,15176.73,0,0,235915,728
0.993,15176.73,0,0,235915,728
0.994,15176.73,0,0,235915,728
0.995,15176.73,0,0,235915,728
0.996,15176.73,0,0,235915,728
0.997,15176.73,0,0,235915,728
0.998,15176.73,0,0,235915,728
0.999,15176.73,0,0,235915,728
1.000,15176.73,0,0,235915,728
